#,title,videoUrl,videoId,publishedAt,position
1,Deep Learning - Lecture 1,https://www.youtube.com/watch?v=8dwyUyJl2yo&list=PL39RMbpB79NOmRg7j6eIJ_nZg8B4avBCP&index=1,8dwyUyJl2yo,2023-03-12T05:37:41Z,0
2,Deep Learning - Lecture 2,https://www.youtube.com/watch?v=ZE9m83tBcfI&list=PL39RMbpB79NOmRg7j6eIJ_nZg8B4avBCP&index=2,ZE9m83tBcfI,2023-03-12T05:37:41Z,1
3,Deep Learning - Lecture 1 - 101,https://www.youtube.com/watch?v=zkIIR1KdEFc&list=PL39RMbpB79NOmRg7j6eIJ_nZg8B4avBCP&index=3,zkIIR1KdEFc,2023-03-12T05:37:40Z,2
4,Deep Learning - Lecture 1 - 101 - part1,https://www.youtube.com/watch?v=UwuvcPWq_f4&list=PL39RMbpB79NOmRg7j6eIJ_nZg8B4avBCP&index=4,UwuvcPWq_f4,2023-03-12T05:37:41Z,3
5,Deep Learning - Lecture 2 - Part1,https://www.youtube.com/watch?v=Nses_xEbOJU&list=PL39RMbpB79NOmRg7j6eIJ_nZg8B4avBCP&index=5,Nses_xEbOJU,2023-03-12T05:37:41Z,4
6,Deep Learning - Lecture 2 - Part2,https://www.youtube.com/watch?v=ZqNVexT8hBQ&list=PL39RMbpB79NOmRg7j6eIJ_nZg8B4avBCP&index=6,ZqNVexT8hBQ,2023-03-12T05:37:41Z,5
7,Deep Learning - Lecture 2 - Part3,https://www.youtube.com/watch?v=kFEACnYHh4c&list=PL39RMbpB79NOmRg7j6eIJ_nZg8B4avBCP&index=7,kFEACnYHh4c,2023-03-12T05:37:40Z,6
8,Deep learning - Lecture 3 -  Deep L-Layer Neural network,https://www.youtube.com/watch?v=BdTVc4vA2hA&list=PL39RMbpB79NOmRg7j6eIJ_nZg8B4avBCP&index=8,BdTVc4vA2hA,2023-03-12T05:37:40Z,7
9,Deep learning - Lecture 3 -  Setting ML Application,https://www.youtube.com/watch?v=nLg-4O2JBFI&list=PL39RMbpB79NOmRg7j6eIJ_nZg8B4avBCP&index=9,nLg-4O2JBFI,2023-03-12T05:37:41Z,8
10,Deep Learning Project,https://www.youtube.com/watch?v=lbPlbJlQwBI&list=PL39RMbpB79NOmRg7j6eIJ_nZg8B4avBCP&index=10,lbPlbJlQwBI,2023-03-20T06:57:49Z,9
11,Depp Learning - Train/Dev/Test datasets - ML Recipe,https://www.youtube.com/watch?v=RrutwAY8eZA&list=PL39RMbpB79NOmRg7j6eIJ_nZg8B4avBCP&index=11,RrutwAY8eZA,2023-03-20T13:00:32Z,10
12,Deep Learning - L1 & L2 Regularization,https://www.youtube.com/watch?v=oPrh7IUvXFs&list=PL39RMbpB79NOmRg7j6eIJ_nZg8B4avBCP&index=12,oPrh7IUvXFs,2023-03-20T06:59:25Z,11
13,Deep Learning - Dropout regularization,https://www.youtube.com/watch?v=kELXSTwWstU&list=PL39RMbpB79NOmRg7j6eIJ_nZg8B4avBCP&index=13,kELXSTwWstU,2023-03-20T12:38:15Z,12
14,Deep Learning - Other Regulation Methods - Data Augmentation,https://www.youtube.com/watch?v=XRs3IPDRvtA&list=PL39RMbpB79NOmRg7j6eIJ_nZg8B4avBCP&index=14,XRs3IPDRvtA,2023-03-20T12:39:41Z,13
15,Deep Learning - Normalizing Inputs,https://www.youtube.com/watch?v=H94kW1V6das&list=PL39RMbpB79NOmRg7j6eIJ_nZg8B4avBCP&index=15,H94kW1V6das,2023-03-20T12:40:30Z,14
16,Deep Learning - Vanishing / Exploding Gradients,https://www.youtube.com/watch?v=zZqfPHB6uqo&list=PL39RMbpB79NOmRg7j6eIJ_nZg8B4avBCP&index=16,zZqfPHB6uqo,2023-03-20T12:41:22Z,15
17,Deep Learning - Numerical Approximation of Gradients - Gradients Checking,https://www.youtube.com/watch?v=6KOx3vpRzxA&list=PL39RMbpB79NOmRg7j6eIJ_nZg8B4avBCP&index=17,6KOx3vpRzxA,2023-03-20T12:43:17Z,16
18,Deep Learning - Mini-Batch Gradient Descent,https://www.youtube.com/watch?v=SmjR1PsEeWI&list=PL39RMbpB79NOmRg7j6eIJ_nZg8B4avBCP&index=18,SmjR1PsEeWI,2023-03-28T05:47:17Z,17
19,Deep Learning - Gradient Descent with Momentum,https://www.youtube.com/watch?v=l-pSw-oqdIM&list=PL39RMbpB79NOmRg7j6eIJ_nZg8B4avBCP&index=19,l-pSw-oqdIM,2023-03-28T06:27:28Z,18
20,Deep Learning- gradient descent optimization- RMSprop and Adam optimizer,https://www.youtube.com/watch?v=ZMUte7r8ifI&list=PL39RMbpB79NOmRg7j6eIJ_nZg8B4avBCP&index=20,ZMUte7r8ifI,2023-04-01T15:15:51Z,19
21,Deep Learning- hyper parameters tuning,https://www.youtube.com/watch?v=a4XLb6YaLJE&list=PL39RMbpB79NOmRg7j6eIJ_nZg8B4avBCP&index=21,a4XLb6YaLJE,2023-04-01T15:18:42Z,20
22,Deep Learning | ML strategy,https://www.youtube.com/watch?v=HxPdt5LCca8&list=PL39RMbpB79NOmRg7j6eIJ_nZg8B4avBCP&index=22,HxPdt5LCca8,2023-04-09T13:56:43Z,21
23,Deep Learning | Error Analysis - Transfer Learning - Multitask Learning - End-to-end Deep Learning,https://www.youtube.com/watch?v=0TAFCLFUs3U&list=PL39RMbpB79NOmRg7j6eIJ_nZg8B4avBCP&index=23,0TAFCLFUs3U,2023-04-09T13:56:00Z,22
24,Deep Learning | Convolution Neural Network CNN part 1,https://www.youtube.com/watch?v=9AKfT4ze_Ig&list=PL39RMbpB79NOmRg7j6eIJ_nZg8B4avBCP&index=24,9AKfT4ze_Ig,2023-04-30T13:48:06Z,23
25,Deep Learning | Convolution Neural Network CNN part 2,https://www.youtube.com/watch?v=ISiQrHRgC44&list=PL39RMbpB79NOmRg7j6eIJ_nZg8B4avBCP&index=25,ISiQrHRgC44,2023-04-30T13:43:32Z,24
26,Deep Learning | Convolution Neural Network CNN part 3 some ConvNet Architectures + Transfer Learning,https://www.youtube.com/watch?v=QHywjBQe4vU&list=PL39RMbpB79NOmRg7j6eIJ_nZg8B4avBCP&index=26,QHywjBQe4vU,2023-05-07T15:09:01Z,25
27,Deep Learning | Convolution Neural Network CNN part 4 | Object Localization and Detection,https://www.youtube.com/watch?v=4VgaeU5QL0w&list=PL39RMbpB79NOmRg7j6eIJ_nZg8B4avBCP&index=27,4VgaeU5QL0w,2023-05-07T15:10:56Z,26
28,Deep Learning | Convolution Neural Network CNN part 5 | Face Recognition,https://www.youtube.com/watch?v=0ymXBl85H90&list=PL39RMbpB79NOmRg7j6eIJ_nZg8B4avBCP&index=28,0ymXBl85H90,2023-05-07T15:12:25Z,27
29,DeepFace library,https://www.youtube.com/watch?v=IA0bu3DokaQ&list=PL39RMbpB79NOmRg7j6eIJ_nZg8B4avBCP&index=29,IA0bu3DokaQ,2023-05-07T15:06:59Z,28
30,Deep Learning | Convolution Neural Network CNNs Architectures and Performance map,https://www.youtube.com/watch?v=pcaUcTc6Xhk&list=PL39RMbpB79NOmRg7j6eIJ_nZg8B4avBCP&index=30,pcaUcTc6Xhk,2023-05-22T04:32:25Z,29
31,Deep Learning | Sequence Modeling - Recurrent Neural Networds RNNs - Part1,https://www.youtube.com/watch?v=79J8bCkH9n0&list=PL39RMbpB79NOmRg7j6eIJ_nZg8B4avBCP&index=31,79J8bCkH9n0,2023-05-22T04:39:12Z,30
32,Deep Learning | Sequence Modeling - Recurrent Neural Networds RNNs - Part2 - Attention,https://www.youtube.com/watch?v=VWxclENm8vA&list=PL39RMbpB79NOmRg7j6eIJ_nZg8B4avBCP&index=32,VWxclENm8vA,2023-05-22T04:40:17Z,31